"integrationValue","isoCode","label","active","countryIsoCode","countryIntegrationCode","countryLabel","countryActive"
"ABUDA","AZ","Abu Dhabi","True","VA","AE","United Arab Emirates","True"
"Dubai","DU","Dubai","True","VA","AE","United Arab Emirates","True"
"Sharj","SH","Sharjah","True","VA","AE","United Arab Emirates","True"
"ARA","A","Salta","True","RA","AR","Argentina","True"
"ARB","B","Buenos Aires","True","RA","AR","Argentina","True"
"ARC","C","Ciudad Autónoma de Buenos Aires","True","RA","AR","Argentina","True"
"ARD","D","San Luis","True","RA","AR","Argentina","True"
"ARE","E","Entre Ríos","True","RA","AR","Argentina","True"
"ARF","F","La Rioja","True","RA","AR","Argentina","True"
"ARG","G","Santiago del Estero","True","RA","AR","Argentina","True"
"ARH","H","Chaco","True","RA","AR","Argentina","True"
"ARJ","J","San Juan","True","RA","AR","Argentina","True"
"ARK","K","Catamarca","True","RA","AR","Argentina","True"
"ARL","L","La Pampa","True","RA","AR","Argentina","True"
"ARM","M","Mendoza","True","RA","AR","Argentina","True"
"ARN","N","Misiones","True","RA","AR","Argentina","True"
"ARP","P","Formosa","True","RA","AR","Argentina","True"
"ARQ","Q","Neuquén","True","RA","AR","Argentina","True"
"ARR","R","Río Negro","True","RA","AR","Argentina","True"
"ARS","S","Santa Fe","True","RA","AR","Argentina","True"
"ART","T","Tucumán","True","RA","AR","Argentina","True"
"ARU","U","Chubut","True","RA","AR","Argentina","True"
"ARV","V","Tierra del Fuego","True","RA","AR","Argentina","True"
"ARW","W","Corrientes","True","RA","AR","Argentina","True"
"ARX","X","Córdoba","True","RA","AR","Argentina","True"
"ARY","Y","Jujuy","True","RA","AR","Argentina","True"
"ARZ","Z","Santa Cruz","True","RA","AR","Argentina","True"
"OO","4","Oberösterreich","True","A","AT","Austria","True"
"VB","8","Vorarlberg","True","A","AT","Austria","True"
"ACT","ACT","Australian Capital Territory","True","AS","AU","Australia","True"
"NSW","NSW","New South Wales","True","AS","AU","Australia","True"
"NT","NT","Northern Territory","True","AS","AU","Australia","True"
"QLD","QLD","Queensland","True","AS","AU","Australia","True"
"SA","SA","South Australia","True","AS","AU","Australia","True"
"TAS","TAS","Tasmania","True","AS","AU","Australia","True"
"VIC","VIC","Victoria","True","AS","AU","Australia","True"
"WA","WA","Western Australia","True","AS","AU","Australia","True"
"bar","A","Barisal","True","BD","BD","Bangladesh","True"
"chi","B","Chittagong","True","BD","BD","Bangladesh","True"
"dha","C","Dhaka","True","BD","BD","Bangladesh","True"
"khu","D","Khulna","True","BD","BD","Bangladesh","True"
"raj","E","Rajshahi","True","BD","BD","Bangladesh","True"
"ran","F","Rangpur","True","BD","BD","Bangladesh","True"
"syl","G","Sylhet","True","BD","BD","Bangladesh","True"
"BRU","BRU","Gewest Brussel","True","B","BE","Belgium","True"
"APEN","VAN","Antwerpen","True","B","BE","Belgium","True"
"VBR","VBR","Vlaams-Brabant","True","B","BE","Belgium","True"
"LIMB","VLI","Limburg","True","B","BE","Belgium","True"
"OVL","VOV","Oost-Vlaanderen","True","B","BE","Belgium","True"
"WVL","VWV","West-Vlaanderen","True","B","BE","Belgium","True"
"BWBR","WBR","Waals-Brabant","True","B","BE","Belgium","True"
"Heneg","WHT","Henegouwen","True","B","BE","Belgium","True"
"Luik","WLG","Luik","True","B","BE","Belgium","True"
"LUX","WLX","Luxemburg","True","B","BE","Belgium","True"
"NAM","WNA","Namen","True","B","BE","Belgium","True"
"Al Ḩadd","01","Al Ḩadd","True","BRN","BH","Bahrain","True"
"Al Muḩarraq","02","Al Muḩarraq","True","BRN","BH","Bahrain","True"
"MANA","03","Al Manāmah","True","BRN","BH","Bahrain","True"
"Jidd Ḩafş","04","Jidd Ḩafş","True","BRN","BH","Bahrain","True"
"Al Minţaqah ash Shamālīyah","05","Al Minţaqah ash Shamālīyah","True","BRN","BH","Bahrain","True"
"Sitrah","06","Sitrah","True","BRN","BH","Bahrain","True"
"Al Minţaqah al Wusţá","07","Al Minţaqah al Wusţá","True","BRN","BH","Bahrain","True"
"Madīnat ٰĪsá","08","Madīnat ٰĪsá","True","BRN","BH","Bahrain","True"
"Ar Rifāٰ","09","Ar Rifāٰ","True","BRN","BH","Bahrain","True"
"Al Minţaqah al Gharbīyah","10","Al Minţaqah al Gharbīyah","True","BRN","BH","Bahrain","True"
"Minţaqat Juzur Ḩawār","11","Minţaqat Juzur Ḩawār","True","BRN","BH","Bahrain","True"
"Madīnat Ḩamad","12","Madīnat Ḩamad","True","BRN","BH","Bahrain","True"
"Capital Governorate","13","Capital Governorate","True","BRN","BH","Bahrain","True"
"Southern Governorate","14","Southern Governorate","True","BRN","BH","Bahrain","True"
"Muharraq Governorate","15","Muharraq Governorate","True","BRN","BH","Bahrain","True"
"Northern Governorate","17","Northern Governorate","True","BRN","BH","Bahrain","True"
"Bandar Seri Gegawan","1","Bandar Seri Gegawan","True","BN","BN","Brunei Darussalam","True"
"Brunei Darussalam","2","Brunei Darussalam","True","BN","BN","Brunei Darussalam","True"
"AC","AC","Acre","True","br","BR","Brazil","True"
"AL","AL","Alagoas","True","br","BR","Brazil","True"
"AM","AM","Amazonas","True","br","BR","Brazil","True"
"AP","AP","Amapá","True","br","BR","Brazil","True"
"BH","BA","Bahia","True","br","BR","Brazil","True"
"BEH","BEH","Belo Horizonte","True","br","BR","Brazil","True"
"CR","CE","Ceará","True","br","BR","Brazil","True"
"DF","DF","Distrito Federal","True","br","BR","Brazil","True"
"ES","ES","Espírito Santo","True","br","BR","Brazil","True"
"GO","GO","Goiás","True","br","BR","Brazil","True"
"MA","MA","Maranhão","True","br","BR","Brazil","True"
"MG","MG","Minas Gerais","True","br","BR","Brazil","True"
"MS","MS","Mato Grosso do Sul","True","br","BR","Brazil","True"
"MT","MT","Mato Grosso","True","br","BR","Brazil","True"
"OE","OE","Outros Estados","True","br","BR","Brazil","True"
"PA","PA","Pará","True","br","BR","Brazil","True"
"PB","PB","Paraíba","True","br","BR","Brazil","True"
"PE","PE","Pernambuco","True","br","BR","Brazil","True"
"PI","PI","Piauí","True","br","BR","Brazil","True"
"PR","PR","Paraná","True","br","BR","Brazil","True"
"RJ","RJ","Rio de Janeiro","True","br","BR","Brazil","True"
"RN","RN","Rio Grande do Norte","True","br","BR","Brazil","True"
"RO","RO","Rondônia","True","br","BR","Brazil","True"
"RR","RR","Roraima","True","br","BR","Brazil","True"
"RS","RS","Rio Grande do Sul","True","br","BR","Brazil","True"
"SC","SC","Santa Catarina","True","br","BR","Brazil","True"
"SE","SE","Sergipe","True","br","BR","Brazil","True"
"SP","SP","São Paulo","True","br","BR","Brazil","True"
"TO","TO","Tocantins","True","br","BR","Brazil","True"
"Central","CE","Central","True","RB","BW","Botswana","True"
"Chobe","CH","Chobe","True","RB","BW","Botswana","True"
"Francistown","FR","Francistown","True","RB","BW","Botswana","True"
"Gaborone","GA","Gaborone","True","RB","BW","Botswana","True"
"Ghanzi","GH","Ghanzi","True","RB","BW","Botswana","True"
"Jwaneng","JW","Jwaneng","True","RB","BW","Botswana","True"
"Kgalagadi","KG","Kgalagadi","True","RB","BW","Botswana","True"
"Kgatleng","KL","Kgatleng","True","RB","BW","Botswana","True"
"Kweneng","KW","Kweneng","True","RB","BW","Botswana","True"
"Lobatse","LO","Lobatse","True","RB","BW","Botswana","True"
"North East","NE","North East","True","RB","BW","Botswana","True"
"North West","NW","North West","True","RB","BW","Botswana","True"
"South East","SE","South East","True","RB","BW","Botswana","True"
"Southern","SO","Southern","True","RB","BW","Botswana","True"
"Selibe Phikwe","SP","Selibe Phikwe","True","RB","BW","Botswana","True"
"Sowa Town","ST","Sowa Town","True","RB","BW","Botswana","True"
"AB","AB","Alberta","True","CA","CA","Canada","True"
"BC","BC","British Columbia","True","CA","CA","Canada","True"
"MB","MB","Manitoba","True","CA","CA","Canada","True"
"NB","NB","New Brunswick","True","CA","CA","Canada","True"
"NL","NL","Newfoundland and Labrador","True","CA","CA","Canada","True"
"NS","NS","Nova Scotia","True","CA","CA","Canada","True"
"NT","NT","Northwest Territories","True","CA","CA","Canada","True"
"NU","NU","Nunavut","True","CA","CA","Canada","True"
"ON","ON","Ontario","True","CA","CA","Canada","True"
"PE","PE","Prince Edward Island","True","CA","CA","Canada","True"
"QC","QC","Quebec","True","CA","CA","Canada","True"
"SK","SK","Saskatchewan","True","CA","CA","Canada","True"
"YT","YT","Yukon Territories","True","CA","CA","Canada","True"
"BJ","11","Beijing","True","ci","CN","China","True"
"TJ","12","Tianjin","True","ci","CN","China","True"
"HE","13","Hebei","True","ci","CN","China","True"
"SX","14","Shanxi","True","ci","CN","China","True"
"NM","15","Inner Mongolia","True","ci","CN","China","True"
"LN","21","Liaoning","True","ci","CN","China","True"
"JL","22","Jilin","True","ci","CN","China","True"
"HL","23","Heilongjiang","True","ci","CN","China","True"
"SH","31","Shanghai","True","ci","CN","China","True"
"JS","32","Jiangsu","True","ci","CN","China","True"
"ZJ","33","Zhejiang","True","ci","CN","China","True"
"AH","34","Anhui","True","ci","CN","China","True"
"FJ","35","Fujian","True","ci","CN","China","True"
"JX","36","Jiangxi","True","ci","CN","China","True"
"SD","37","Shandong","True","ci","CN","China","True"
"HA","41","Henan","True","ci","CN","China","True"
"HB","42","Hubei","True","ci","CN","China","True"
"HN","43","Hunan","True","ci","CN","China","True"
"GD","44","Guangdong","True","ci","CN","China","True"
"GX","45","Guangxi","True","ci","CN","China","True"
"HI","46","Hainan","True","ci","CN","China","True"
"CQ","50","Chongqing","True","ci","CN","China","True"
"SC","51","Sichuan","True","ci","CN","China","True"
"GZ","52","Guizhou","True","ci","CN","China","True"
"YN","53","Yunnan","True","ci","CN","China","True"
"XZ","54","Xizang","True","ci","CN","China","True"
"SN","61","Shaanxi","True","ci","CN","China","True"
"GS","62","Gansu","True","ci","CN","China","True"
"QH","63","Qinghai","True","ci","CN","China","True"
"NX","64","Ningxia","True","ci","CN","China","True"
"XJ","65","Xinjiang","True","ci","CN","China","True"
"TW","71","Taiwan","True","ci","CN","China","True"
"HK","91","Hong Kong","True","ci","CN","China","True"
"MO","92","Macao","True","ci","CN","China","True"
"JC","JC","Jihočeský kraj","True","CZ","CZ","Czech Republic","True"
"JM","JM","Jihomoravský kraj","True","CZ","CZ","Czech Republic","True"
"KV","KA","Karlovarský kraj","True","CZ","CZ","Czech Republic","True"
"KH","KR","Královéhradecký kraj","True","CZ","CZ","Czech Republic","True"
"LI","LI","Liberecký kraj","True","CZ","CZ","Czech Republic","True"
"MS","MO","Moravskoslezský kraj","True","CZ","CZ","Czech Republic","True"
"OL","OL","Olomoucký kraj","True","CZ","CZ","Czech Republic","True"
"PA","PA","Pardubický kraj","True","CZ","CZ","Czech Republic","True"
"PL","PL","Plzeňský kraj","True","CZ","CZ","Czech Republic","True"
"PH","PR","Praha, hlavní město","True","CZ","CZ","Czech Republic","True"
"SC","SC","Středočeský kraj","True","CZ","CZ","Czech Republic","True"
"UL","US","Ústecký kraj","True","CZ","CZ","Czech Republic","True"
"VY","VY","Vysočina","True","CZ","CZ","Czech Republic","True"
"ZL","ZL","Zlínský kraj","True","CZ","CZ","Czech Republic","True"
"Brb","BB","Brandenburg","True","D","DE","Germany","True"
"B","BE","Berlin","True","D","DE","Germany","True"
"BW","BW","Baden-Württemberg","True","D","DE","Germany","True"
"BY","BY","Bayern","True","D","DE","Germany","True"
"HB","HB","Bremen","True","D","DE","Germany","True"
"H","HE","Hessen","True","D","DE","Germany","True"
"HH","HH","Hamburg","True","D","DE","Germany","True"
"MV","MV","Mecklenburg-Vorpommern","True","D","DE","Germany","True"
"NS","NI","Niedersachsen","True","D","DE","Germany","True"
"NW","NW","Nordrhein-Westfalen","True","D","DE","Germany","True"
"RP","RP","Rheinland-Pfalz","True","D","DE","Germany","True"
"SH","SH","Schleswig-Holstein","True","D","DE","Germany","True"
"SL","SL","Saarland","True","D","DE","Germany","True"
"S","SN","Sachsen","True","D","DE","Germany","True"
"SA","ST","Sachsen-Anhalt","True","D","DE","Germany","True"
"Thr","TH","Thüringen","True","D","DE","Germany","True"
"Azuay","A","Azuay","True","DOM","EC","Ecuador","True"
"Bolívar","B","Bolívar","True","DOM","EC","Ecuador","True"
"Carchi","C","Carchi","True","DOM","EC","Ecuador","True"
"Orellana","D","Orellana","True","DOM","EC","Ecuador","True"
"Esmeraldas","E","Esmeraldas","True","DOM","EC","Ecuador","True"
"Cañar","F","Cañar","True","DOM","EC","Ecuador","True"
"Guayas","G","Guayas","True","DOM","EC","Ecuador","True"
"Chimborazo","H","Chimborazo","True","DOM","EC","Ecuador","True"
"Imbabura","I","Imbabura","True","DOM","EC","Ecuador","True"
"Loja","L","Loja","True","DOM","EC","Ecuador","True"
"Manabí","M","Manabí","True","DOM","EC","Ecuador","True"
"Napo","N","Napo","True","DOM","EC","Ecuador","True"
"El Oro","O","El Oro","True","DOM","EC","Ecuador","True"
"QUITO","P","Pichincha","True","DOM","EC","Ecuador","True"
"Los Ríos","R","Los Ríos","True","DOM","EC","Ecuador","True"
"Morona-Santiago","S","Morona-Santiago","True","DOM","EC","Ecuador","True"
"Santo Domingo de los Tsáchilas","SD","Santo Domingo de los Tsáchilas","True","DOM","EC","Ecuador","True"
"Santa Elena","SE","Santa Elena","True","DOM","EC","Ecuador","True"
"Tungurahua","T","Tungurahua","True","DOM","EC","Ecuador","True"
"Sucumbíos","U","Sucumbíos","True","DOM","EC","Ecuador","True"
"Galápagos","W","Galápagos","True","DOM","EC","Ecuador","True"
"Cotopaxi","X","Cotopaxi","True","DOM","EC","Ecuador","True"
"Pastaza","Y","Pastaza","True","DOM","EC","Ecuador","True"
"Zamora-Chinchipe","Z","Zamora-Chinchipe","True","DOM","EC","Ecuador","True"
"Anseba","AN","Anseba","True","ER","ER","Eritrea","True"
"Southern Red Sea","DK","Southern Red Sea","True","ER","ER","Eritrea","True"
"Debub","DU","Debub","True","ER","ER","Eritrea","True"
"Gash-Barka","GB","Gash-Barka","True","ER","ER","Eritrea","True"
"Maekel","MA","Maekel","True","ER","ER","Eritrea","True"
"Northern Red Sea","SK","Northern Red Sea","True","ER","ER","Eritrea","True"
"A","A","Alicante","True","E","ES","Spain","True"
"AB","AB","Albacete","True","E","ES","Spain","True"
"AL","AL","Almería","True","E","ES","Spain","True"
"AV","AV","Ávila","True","E","ES","Spain","True"
"B","B","Barcelona","True","E","ES","Spain","True"
"BA","BA","Badajoz","True","E","ES","Spain","True"
"BI","BI","Vizcaya","True","E","ES","Spain","True"
"BU","BU","Burgos","True","E","ES","Spain","True"
"C","C","La Coruña","True","E","ES","Spain","True"
"CA","CA","Cádiz","True","E","ES","Spain","True"
"CC","CC","Cáceres","True","E","ES","Spain","True"
"CE","CE","Ceuta","True","E","ES","Spain","True"
"CO","CO","Córdoba","True","E","ES","Spain","True"
"CR","CR","Ciudad Real","True","E","ES","Spain","True"
"CS","CS","Castellón","True","E","ES","Spain","True"
"CU","CU","Cuenca","True","E","ES","Spain","True"
"GC","GC","Las Palmas","True","E","ES","Spain","True"
"GI","GI","Gerona","True","E","ES","Spain","True"
"GR","GR","Granada","True","E","ES","Spain","True"
"GU","GU","Guadalajara","True","E","ES","Spain","True"
"H","H","Huelva","True","E","ES","Spain","True"
"HU","HU","Huesca","True","E","ES","Spain","True"
"J","J","Jaén","True","E","ES","Spain","True"
"L","L","Lerida","True","E","ES","Spain","True"
"LE","LE","León","True","E","ES","Spain","True"
"LO","LO","La Rioja","True","E","ES","Spain","True"
"LU","LU","Lugo","True","E","ES","Spain","True"
"M","M","Madrid","True","E","ES","Spain","True"
"MA","MA","Málaga","True","E","ES","Spain","True"
"ML","ML","Melilla","True","E","ES","Spain","True"
"MU","MU","Murcia","True","E","ES","Spain","True"
"NA","NA","Navarra","True","E","ES","Spain","True"
"O","O","Asturië","True","E","ES","Spain","True"
"OR","OR","Ourense","True","E","ES","Spain","True"
"P","P","Palencia","True","E","ES","Spain","True"
"PM","PM","Balearen","True","E","ES","Spain","True"
"PO","PO","Pontevedra","True","E","ES","Spain","True"
"S","S","Cantabrië","True","E","ES","Spain","True"
"SA","SA","Salamanca","True","E","ES","Spain","True"
"SE","SE","Sevilla","True","E","ES","Spain","True"
"SG","SG","Segovia","True","E","ES","Spain","True"
"SO","SO","Soria","True","E","ES","Spain","True"
"SS","SS","Guipúzkoa","True","E","ES","Spain","True"
"T","T","Tarragona","True","E","ES","Spain","True"
"TE","TE","Teruel","True","E","ES","Spain","True"
"TF","TF","Santa Cruz de Tenerife","True","E","ES","Spain","True"
"TO","TO","Toledo","True","E","ES","Spain","True"
"V","V","Valencia","True","E","ES","Spain","True"
"VA","VA","Valladolid","True","E","ES","Spain","True"
"VI","VI","Álava","True","E","ES","Spain","True"
"Z","Z","Zaragoza","True","E","ES","Spain","True"
"ZA","ZA","Zamora","True","E","ES","Spain","True"
"1","01","Ahvenanmaan maakunta","True","sf","FI","Finland","True"
"2","02","Etelä-Karjala","True","sf","FI","Finland","True"
"3","03","Etelä-Pohjanmaa","True","sf","FI","Finland","True"
"4","04","Etelä-Savo","True","sf","FI","Finland","True"
"5","05","Kainuu","True","sf","FI","Finland","True"
"6","06","Kanta-Häme","True","sf","FI","Finland","True"
"7","07","Keski-Pohjanmaa","True","sf","FI","Finland","True"
"8","08","Keski-Suomi","True","sf","FI","Finland","True"
"9","09","Kymenlaakso","True","sf","FI","Finland","True"
"10","10","Lappi","True","sf","FI","Finland","True"
"11","11","Pirkanmaa","True","sf","FI","Finland","True"
"12","12","Pohjanmaa","True","sf","FI","Finland","True"
"13","13","Pohjois-Karjala","True","sf","FI","Finland","True"
"14","14","Pohjois-Pohjanmaa","True","sf","FI","Finland","True"
"15","15","Pohjois-Savo","True","sf","FI","Finland","True"
"16","16","Päijät-Häme","True","sf","FI","Finland","True"
"17","17","Satakunta","True","sf","FI","Finland","True"
"18","18","Uusimaa","True","sf","FI","Finland","True"
"19","19","Varsinais-Suomi","True","sf","FI","Finland","True"
"Oulu","OL","Oulun lääni","True","sf","FI","Finland","True"
"VAASA","VAASA","Vaasa","True","sf","FI","Finland","True"
"01","01","Ain","True","F","FR","France","True"
"02","02","Aisne","True","F","FR","France","True"
"03","03","Allier","True","F","FR","France","True"
"04","04","Alpes-de-Haute-Provence","True","F","FR","France","True"
"05","05","Hautes-Alpes","True","F","FR","France","True"
"06","06","Alpes-Maritimes","True","F","FR","France","True"
"07","07","Ardèche","True","F","FR","France","True"
"08","08","Ardennes","True","F","FR","France","True"
"09","09","Ariège","True","F","FR","France","True"
"10","10","Aube","True","F","FR","France","True"
"11","11","Aude","True","F","FR","France","True"
"12","12","Aveyron","True","F","FR","France","True"
"13","13","Bouches-du-Rhône","True","F","FR","France","True"
"14","14","Calvados","True","F","FR","France","True"
"15","15","Cantal","True","F","FR","France","True"
"16","16","Charente","True","F","FR","France","True"
"17","17","Charente-Maritime","True","F","FR","France","True"
"18","18","Cher","True","F","FR","France","True"
"19","19","Corrèze","True","F","FR","France","True"
"20","20","Corse","True","F","FR","France","True"
"21","21","Côte-d'Or","True","F","FR","France","True"
"22","22","Côtes-d'Armor","True","F","FR","France","True"
"23","23","Creuse","True","F","FR","France","True"
"24","24","Dordogne","True","F","FR","France","True"
"25","25","Doubs","True","F","FR","France","True"
"26","26","Drôme","True","F","FR","France","True"
"27","27","Eure","True","F","FR","France","True"
"28","28","Eure-et-Loir","True","F","FR","France","True"
"29","29","Finistère","True","F","FR","France","True"
"30","30","Gard","True","F","FR","France","True"
"31","31","Haute-Garonne","True","F","FR","France","True"
"32","32","Gers","True","F","FR","France","True"
"33","33","Gironde","True","F","FR","France","True"
"34","34","Hérault","True","F","FR","France","True"
"35","35","Ille-et-Vilaine","True","F","FR","France","True"
"36","36","Indre","True","F","FR","France","True"
"37","37","Indre-et-Loire","True","F","FR","France","True"
"38","38","Isère","True","F","FR","France","True"
"39","39","Jura","True","F","FR","France","True"
"40","40","Landes","True","F","FR","France","True"
"41","41","Loir-et-Cher","True","F","FR","France","True"
"42","42","Loire","True","F","FR","France","True"
"43","43","Haute-Loire","True","F","FR","France","True"
"44","44","Loire-Atlantique","True","F","FR","France","True"
"45","45","Loiret","True","F","FR","France","True"
"46","46","Lot","True","F","FR","France","True"
"47","47","Lot-et-Garonne","True","F","FR","France","True"
"48","48","Lozère","True","F","FR","France","True"
"49","49","Maine-et-Loire","True","F","FR","France","True"
"50","50","Manche","True","F","FR","France","True"
"51","51","Marne","True","F","FR","France","True"
"52","52","Haute-Marne","True","F","FR","France","True"
"53","53","Mayenne","True","F","FR","France","True"
"54","54","Meurthe-et-Moselle","True","F","FR","France","True"
"55","55","Meuse","True","F","FR","France","True"
"56","56","Morbihan","True","F","FR","France","True"
"57","57","Moselle","True","F","FR","France","True"
"58","58","Nièvre","True","F","FR","France","True"
"59","59","Nord","True","F","FR","France","True"
"60","60","Oise","True","F","FR","France","True"
"61","61","Orne","True","F","FR","France","True"
"62","62","Pas-de-Calais","True","F","FR","France","True"
"63","63","Puy-de-Dôme","True","F","FR","France","True"
"64","64","Pyrénées-Atlantiques","True","F","FR","France","True"
"65","65","Hautes-Pyrénées","True","F","FR","France","True"
"66","66","Pyrénées-Orientales","True","F","FR","France","True"
"67","67","Bas-Rhin","True","F","FR","France","True"
"68","68","Haut-Rhin","True","F","FR","France","True"
"69","69","Rhône","True","F","FR","France","True"
"70","70","Haute-Saône","True","F","FR","France","True"
"71","71","Saône-et-Loire","True","F","FR","France","True"
"72","72","Sarthe","True","F","FR","France","True"
"73","73","Savoie","True","F","FR","France","True"
"74","74","Haute-Savoie","True","F","FR","France","True"
"75","75","Paris","True","F","FR","France","True"
"76","76","Seine-Maritime","True","F","FR","France","True"
"77","77","Seine-et-Marne","True","F","FR","France","True"
"78","78","Yvelines","True","F","FR","France","True"
"79","79","Deux-Sèvres","True","F","FR","France","True"
"80","80","Somme","True","F","FR","France","True"
"81","81","Tarn","True","F","FR","France","True"
"82","82","Tarn-et-Garonne","True","F","FR","France","True"
"83","83","Var","True","F","FR","France","True"
"84","84","Vaucluse","True","F","FR","France","True"
"85","85","Vendée","True","F","FR","France","True"
"86","86","Vienne","True","F","FR","France","True"
"87","87","Haute-Vienne","True","F","FR","France","True"
"88","88","Vosges","True","F","FR","France","True"
"89","89","Yonne","True","F","FR","France","True"
"90","90","Territoire de Belfort","True","F","FR","France","True"
"91","91","Essonne","True","F","FR","France","True"
"92","92","Hauts-de-Seine","True","F","FR","France","True"
"93","93","Seine-Saint-Denis","True","F","FR","France","True"
"94","94","Val-de-Marne","True","F","FR","France","True"
"95","95","Val-d'Oise","True","F","FR","France","True"
"ANGLE","AGY","Isle of Anglesey","True","GB","GB","United Kingdom","True"
"ANGUS","ANS","Angus","True","GB","GB","United Kingdom","True"
"ANTR","ANT","Antrim","True","GB","GB","United Kingdom","True"
"ARMA","ARM","Armagh","True","GB","GB","United Kingdom","True"
"AVON","AVON","Avon","True","GB","GB","United Kingdom","True"
"BEDS","BEDS","Bedfordshire","True","GB","GB","United Kingdom","True"
"BERKS","BERKS","Berkshire","True","GB","GB","United Kingdom","True"
"BELF","BFS","Belfast","True","GB","GB","United Kingdom","True"
"BUCKS","BKM","Buckinghamshire","True","GB","GB","United Kingdom","True"
"BORD","BORD","Borders","True","GB","GB","United Kingdom","True"
"CAMBS","CAM","Cambridgeshire","True","GB","GB","United Kingdom","True"
"CHANIS","CHA","Channel Islands","True","GB","GB","United Kingdom","True"
"CHESH","CHESH","Cheshire","True","GB","GB","United Kingdom","True"
"CLEVE","CLEVE","Cleveland","True","GB","GB","United Kingdom","True"
"CLWYD","CLWYD","Clwyd","True","GB","GB","United Kingdom","True"
"CUMB","CMA","Cumbria","True","GB","GB","United Kingdom","True"
"CARM","CMN","Carmarthenshire","True","GB","GB","United Kingdom","True"
"CORN","CON","Cornwall","True","GB","GB","United Kingdom","True"
"DERBY","DBY","Derbyshire","True","GB","GB","United Kingdom","True"
"DEVON","DEV","Devon","True","GB","GB","United Kingdom","True"
"DUMF","DGY","Dumfries and Galloway","True","GB","GB","United Kingdom","True"
"DORS","DOR","Dorset","True","GB","GB","United Kingdom","True"
"DOWN","DOW","Down","True","GB","GB","United Kingdom","True"
"DURM","DURM","Durham","True","GB","GB","United Kingdom","True"
"DYFED","DYFED","Dyfed","True","GB","GB","United Kingdom","True"
"ELOTH","ELN","East Lothian","True","GB","GB","United Kingdom","True"
"ESSEX","ESS","Essex","True","GB","GB","United Kingdom","True"
"ESEX","ESX","East Sussex","True","GB","GB","United Kingdom","True"
"EYORK","EYORK","East Yorkshire","True","GB","GB","United Kingdom","True"
"FERM","FER","Fermanagh","True","GB","GB","United Kingdom","True"
"FIFE","FIF","Fife","True","GB","GB","United Kingdom","True"
"GLOS","GLS","Gloucestershire","True","GB","GB","United Kingdom","True"
"GRAMP","GRAMP","Grampian","True","GB","GB","United Kingdom","True"
"GRLON","GRLON","Greater London","True","GB","GB","United Kingdom","True"
"GRMAN","GRMAN","Greater Manchester","True","GB","GB","United Kingdom","True"
"GWENT","GWENT","Gwent","True","GB","GB","United Kingdom","True"
"GWYNN","GWN","Gwynedd","True","GB","GB","United Kingdom","True"
"HAMP","HAM","Hampshire","True","GB","GB","United Kingdom","True"
"HEREF","HEF","Herefordshire","True","GB","GB","United Kingdom","True"
"HIGHL","HLD","Highland","True","GB","GB","United Kingdom","True"
"HERTS","HRT","Hertfordshire","True","GB","GB","United Kingdom","True"
"HUMB","HUMB","Humberside","True","GB","GB","United Kingdom","True"
"IMAN","IMAN","Isle of Mann","True","GB","GB","United Kingdom","True"
"WIGHT","IOW","Isle of Wight","True","GB","GB","United Kingdom","True"
"KENT","KEN","Kent","True","GB","GB","United Kingdom","True"
"LANCS","LAN","Lancashire","True","GB","GB","United Kingdom","True"
"LDERR","LDERR","Londonderry","True","GB","GB","United Kingdom","True"
"LEICS","LEC","Leicestershire","True","GB","GB","United Kingdom","True"
"LINCS","LIN","Lincolnshire","True","GB","GB","United Kingdom","True"
"LOTH","LOTH","Lothian","True","GB","GB","United Kingdom","True"
"MERSY","MERSY","Merseyside","True","GB","GB","United Kingdom","True"
"MGLAM","MGLAM","Mid Glamorgan","True","GB","GB","United Kingdom","True"
"MIDLO","MLN","Midlothian","True","GB","GB","United Kingdom","True"
"NHUMB","NBL","Northumberland","True","GB","GB","United Kingdom","True"
"NORF","NFK","Norfolk","True","GB","GB","United Kingdom","True"
"CENTR","NLK","North Lanarkshire","True","GB","GB","United Kingdom","True"
"NOR","NTH","Northamptonshire","True","GB","GB","United Kingdom","True"
"NEATH","NTL","Neath Port Talbot","True","GB","GB","United Kingdom","True"
"NOTTS","NTT","Nottinghamshire","True","GB","GB","United Kingdom","True"
"NEWP","NWP","Newport","True","GB","GB","United Kingdom","True"
"NYORK","NYK","North Yorkshire","True","GB","GB","United Kingdom","True"
"ORKNY","ORK","Orkney Islands","True","GB","GB","United Kingdom","True"
"OXFDS","OXF","Oxfordshire","True","GB","GB","United Kingdom","True"
"POWYS","POW","Powys","True","GB","GB","United Kingdom","True"
"PRTHS","PRTHS","Perthshire","True","GB","GB","United Kingdom","True"
"SALOP","SALOP","Salop","True","GB","GB","United Kingdom","True"
"SCOTB","SCB","The Scottish Borders","True","GB","GB","United Kingdom","True"
"SUFF","SFK","Suffolk","True","GB","GB","United Kingdom","True"
"SGLAM","SGLAM","South Glamorgan","True","GB","GB","United Kingdom","True"
"SHROP","SHR","Shropshire","True","GB","GB","United Kingdom","True"
"LANAS","SLK","South Lanarkshire","True","GB","GB","United Kingdom","True"
"SOSET","SOM","Somerset","True","GB","GB","United Kingdom","True"
"SURR","SRY","Surrey","True","GB","GB","United Kingdom","True"
"STRAT","STRAT","Strathclyde","True","GB","GB","United Kingdom","True"
"STAFS","STS","Staffordshire","True","GB","GB","United Kingdom","True"
"SYORK","SYORK","South Yorkshire","True","GB","GB","United Kingdom","True"
"TAYS","TAYS","Tayside","True","GB","GB","United Kingdom","True"
"TYNE","TYNE","Tyne & Wear","True","GB","GB","United Kingdom","True"
"TYRO","TYRO","Tyrone","True","GB","GB","United Kingdom","True"
"WARKS","WAR","Warwickshire","True","GB","GB","United Kingdom","True"
"WGLAM","WGLAM","West Glamorgan","True","GB","GB","United Kingdom","True"
"WILTS","WIL","Wiltshire","True","GB","GB","United Kingdom","True"
"WISLE","WISLE","Western Isles","True","GB","GB","United Kingdom","True"
"WLOTH","WLN","West Lothian","True","GB","GB","United Kingdom","True"
"WMIDS","WMIDS","West Midlands","True","GB","GB","United Kingdom","True"
"WORCS","WOR","Worcestershire","True","GB","GB","United Kingdom","True"
"WREX","WRX","Wrexham","True","GB","GB","United Kingdom","True"
"WSEX","WSX","West Sussex","True","GB","GB","United Kingdom","True"
"WYORK","WYORK","West Yorkshire","True","GB","GB","United Kingdom","True"
"SHET","ZET","Shetland Islands","True","GB","GB","United Kingdom","True"
"Banjul","B","Banjul","True","GM","GM","Gambia","True"
"Lower River","L","Lower River","True","GM","GM","Gambia","True"
"MacCarthy Island","M","MacCarthy Island","True","GM","GM","Gambia","True"
"North Bank","N","North Bank","True","GM","GM","Gambia","True"
"Upper River","U","Upper River","True","GM","GM","Gambia","True"
"Western","W","Western","True","GM","GM","Gambia","True"
"Atlántida","AT","Atlántida","True","HN","HN","Honduras","True"
"Choluteca","CH","Choluteca","True","HN","HN","Honduras","True"
"Colón","CL","Colón","True","HN","HN","Honduras","True"
"1","CM","Comayagua","True","HN","HN","Honduras","True"
"Copán","CP","Copán","True","HN","HN","Honduras","True"
"Cortés","CR","Cortés","True","HN","HN","Honduras","True"
"El Paraíso","EP","El Paraíso","True","HN","HN","Honduras","True"
"Francisco Morazán","FM","Francisco Morazán","True","HN","HN","Honduras","True"
"Gracias a Dios","GD","Gracias a Dios","True","HN","HN","Honduras","True"
"Islas de la Bahía","IB","Islas de la Bahía","True","HN","HN","Honduras","True"
"Intibucá","IN","Intibucá","True","HN","HN","Honduras","True"
"Lempira","LE","Lempira","True","HN","HN","Honduras","True"
"La Paz","LP","La Paz","True","HN","HN","Honduras","True"
"Ocotepeque","OC","Ocotepeque","True","HN","HN","Honduras","True"
"Olancho","OL","Olancho","True","HN","HN","Honduras","True"
"Santa Bárbara","SB","Santa Bárbara","True","HN","HN","Honduras","True"
"Valle","VA","Valle","True","HN","HN","Honduras","True"
"Yoro","YO","Yoro","True","HN","HN","Honduras","True"
"Aceh","AC","Aceh","True","ID","ID","Indonesia","True"
"Bali","BA","Bali","True","ID","ID","Indonesia","True"
"Bangka–Belitung Islands","BB","Bangka–Belitung Islands","True","ID","ID","Indonesia","True"
"Bengkulu","BE","Bengkulu","True","ID","ID","Indonesia","True"
"BAN","BT","Banten","True","ID","ID","Indonesia","True"
"Gorontalo","GO","Gorontalo","True","ID","ID","Indonesia","True"
"Jambi","JA","Jambi","True","ID","ID","Indonesia","True"
"WJAV","JB","Jawa Barat","True","ID","ID","Indonesia","True"
"EJAVA","JI","Jawa Timur","True","ID","ID","Indonesia","True"
"JAK","JK","Jakarta Raya","True","ID","ID","Indonesia","True"
"Central Java","JT","Central Java","True","ID","ID","Indonesia","True"
"Jawa","JW","Jawa","True","ID","ID","Indonesia","True"
"Kalimantan","KA","Kalimantan","True","ID","ID","Indonesia","True"
"West Kalimantan","KB","West Kalimantan","True","ID","ID","Indonesia","True"
"EKALI","KI","Kalimantan Timur","True","ID","ID","Indonesia","True"
"Riau Islands","KR","Riau Islands","True","ID","ID","Indonesia","True"
"South Kalimantan","KS","South Kalimantan","True","ID","ID","Indonesia","True"
"Central Kalimantan","KT","Central Kalimantan","True","ID","ID","Indonesia","True"
"North Kalimantan","KU","North Kalimantan","True","ID","ID","Indonesia","True"
"Lampung","LA","Lampung","True","ID","ID","Indonesia","True"
"Maluku","ML","Maluku","True","ID","ID","Indonesia","True"
"North Maluku","MU","North Maluku","True","ID","ID","Indonesia","True"
"West Nusa Tenggara","NB","West Nusa Tenggara","True","ID","ID","Indonesia","True"
"East Nusa Tenggara","NT","East Nusa Tenggara","True","ID","ID","Indonesia","True"
"Nusa Tenggara","NU","Nusa Tenggara","True","ID","ID","Indonesia","True"
"West Papua","PB","West Papua","True","ID","ID","Indonesia","True"
"Papua","PP","Papua","True","ID","ID","Indonesia","True"
"RIAU","RI","Riau","True","ID","ID","Indonesia","True"
"North Sulawesi","SA","North Sulawesi","True","ID","ID","Indonesia","True"
"West Sumatra","SB","West Sumatra","True","ID","ID","Indonesia","True"
"Southeast Sulawesi","SG","Southeast Sulawesi","True","ID","ID","Indonesia","True"
"Sulawesi","SL","Sulawesi","True","ID","ID","Indonesia","True"
"Sumatera","SM","Sumatera","True","ID","ID","Indonesia","True"
"SSULA","SN","Sulawesi Selatan","True","ID","ID","Indonesia","True"
"West Sulawesi","SR","West Sulawesi","True","ID","ID","Indonesia","True"
"SSUM","SS","Sumatera Selatan","True","ID","ID","Indonesia","True"
"Central Sulawesi","ST","Central Sulawesi","True","ID","ID","Indonesia","True"
"NSUMA","SU","Sumatera Utara","True","ID","ID","Indonesia","True"
"Yogyakarta","YO","Yogyakarta","True","ID","ID","Indonesia","True"
"CLARE","CE","Clare","True","IRL","IE","Ireland","True"
"CAVAN","CN","Cavan","True","IRL","IE","Ireland","True"
"CORK","CO","Cork","True","IRL","IE","Ireland","True"
"CARLO","CW","Carlow","True","IRL","IE","Ireland","True"
"Dubl","D","Dublin","True","IRL","IE","Ireland","True"
"DONEG","DL","Donegal","True","IRL","IE","Ireland","True"
"Gal","G","Galway","True","IRL","IE","Ireland","True"
"KILD","KE","Kildare","True","IRL","IE","Ireland","True"
"KILK","KK","Kilkenny","True","IRL","IE","Ireland","True"
"Kerry","KY","Kerry","True","IRL","IE","Ireland","True"
"LONGF","LD","Longford","True","IRL","IE","Ireland","True"
"Louth","LH","Louth","True","IRL","IE","Ireland","True"
"Lim","LK","Limerick","True","IRL","IE","Ireland","True"
"LEITR","LM","Leitrim","True","IRL","IE","Ireland","True"
"Laois","LS","Laois","True","IRL","IE","Ireland","True"
"Meath","MH","Meath","True","IRL","IE","Ireland","True"
"Mon","MN","Monaghan","True","IRL","IE","Ireland","True"
"Mayo","MO","Mayo","True","IRL","IE","Ireland","True"
"OFFAL","OY","Offaly","True","IRL","IE","Ireland","True"
"ROSCO","RN","Roscommon","True","IRL","IE","Ireland","True"
"Sligo","SO","Sligo","True","IRL","IE","Ireland","True"
"Tipp","TA","Tipperary","True","IRL","IE","Ireland","True"
"WATER","WD","Waterford","True","IRL","IE","Ireland","True"
"WESTM","WH","Westmeath","True","IRL","IE","Ireland","True"
"Wick","WW","Wicklow","True","IRL","IE","Ireland","True"
"Wexf","WX","Wexford","True","IRL","IE","Ireland","True"
"Andaman and Nicobar Islands","AN","Andaman and Nicobar Islands","True","IN","IN","India","True"
"Andhr","AP","Andhra Pradesh","True","IN","IN","India","True"
"Aruna","AR","Arunachal Pradesh","True","IN","IN","India","True"
"Assam","AS","Assam","True","IN","IN","India","True"
"Bihar","BR","Bihar","True","IN","IN","India","True"
"Chandigarh","CH","Chandigarh","True","IN","IN","India","True"
"Chhat","CT","Chhattisgarh","True","IN","IN","India","True"
"Daman and Diu","DD","Daman and Diu","True","IN","IN","India","True"
"Newdh","DL","Delhi","True","IN","IN","India","True"
"Dadra and Nagar Haveli","DN","Dadra and Nagar Haveli","True","IN","IN","India","True"
"Goa","GA","Goa","True","IN","IN","India","True"
"Gujar","GJ","Gujarat","True","IN","IN","India","True"
"Himac","HP","Himachal Pradesh","True","IN","IN","India","True"
"Harya","HR","Haryana","True","IN","IN","India","True"
"Jhark","JH","Jharkhand","True","IN","IN","India","True"
"Jammu","JK","Jammu and Kashmir","True","IN","IN","India","True"
"Karna","KA","Karnataka","True","IN","IN","India","True"
"Keral","KL","Kerala","True","IN","IN","India","True"
"Lakshadweep","LD","Lakshadweep","True","IN","IN","India","True"
"Mahar","MH","Maharashtra","True","IN","IN","India","True"
"Megha","ML","Meghalaya","True","IN","IN","India","True"
"Manip","MN","Manipur","True","IN","IN","India","True"
"Madhy","MP","Madhya Pradesh","True","IN","IN","India","True"
"Mizor","MZ","Mizoram","True","IN","IN","India","True"
"Nagal","NL","Nagaland","True","IN","IN","India","True"
"Oriss","OR","Odisha","True","IN","IN","India","True"
"Punja","PB","Punjab","True","IN","IN","India","True"
"Puducherry","PY","Puducherry","True","IN","IN","India","True"
"Rajas","RJ","Rajasthan","True","IN","IN","India","True"
"Sikki","SK","Sikkim","True","IN","IN","India","True"
"Tamil","TN","Tamil Nadu","True","IN","IN","India","True"
"Tripu","TR","Tripura","True","IN","IN","India","True"
"Uttar","UP","Uttar Pradesh","True","IN","IN","India","True"
"Utta","UT","Uttarakhand","True","IN","IN","India","True"
"West","WB","West Bengal","True","IN","IN","India","True"
"ESF","04","Eşfahān","True","ia","IR","Iran, Islamic Republic of","True"
"IA","05","Īlām","True","ia","IR","Iran, Islamic Republic of","True"
"TEH","07","Tehrān","True","ia","IR","Iran, Islamic Republic of","True"
"AG","AG","Agrigento","True","I","IT","Italy","True"
"AL","AL","Alessandria","True","I","IT","Italy","True"
"AN","AN","Ancona","True","I","IT","Italy","True"
"AO","AO","Aosta","True","I","IT","Italy","True"
"AP","AP","Ascoli Piceno","True","I","IT","Italy","True"
"AQ","AQ","L'Aquila","True","I","IT","Italy","True"
"AR","AR","Arezzo","True","I","IT","Italy","True"
"AT","AT","Asti","True","I","IT","Italy","True"
"AV","AV","Avellino","True","I","IT","Italy","True"
"BA","BA","Bari","True","I","IT","Italy","True"
"BG","BG","Bergamo","True","I","IT","Italy","True"
"BI","BI","Biella","True","I","IT","Italy","True"
"BL","BL","Belluno","True","I","IT","Italy","True"
"BN","BN","Benevento","True","I","IT","Italy","True"
"BO","BO","Bologna","True","I","IT","Italy","True"
"BR","BR","Brindisi","True","I","IT","Italy","True"
"BS","BS","Brescia","True","I","IT","Italy","True"
"BT","BT","Barletta-Andria-Trani","True","I","IT","Italy","True"
"BZ","BZ","Bolzano","True","I","IT","Italy","True"
"CA","CA","Cagliari","True","I","IT","Italy","True"
"CB","CB","Campobasso","True","I","IT","Italy","True"
"CE","CE","Caserta","True","I","IT","Italy","True"
"CH","CH","Chieti","True","I","IT","Italy","True"
"CI","CI","Carbonia-Iglesias","True","I","IT","Italy","True"
"CL","CL","Caltanissetta","True","I","IT","Italy","True"
"CN","CN","Cuneo","True","I","IT","Italy","True"
"CO","CO","Como","True","I","IT","Italy","True"
"CR","CR","Cremona","True","I","IT","Italy","True"
"CS","CS","Cosenza","True","I","IT","Italy","True"
"CT","CT","Catania","True","I","IT","Italy","True"
"CZ","CZ","Catanzaro","True","I","IT","Italy","True"
"EN","EN","Enna","True","I","IT","Italy","True"
"FC","FC","Forlì-Cesena","True","I","IT","Italy","True"
"FE","FE","Ferrara","True","I","IT","Italy","True"
"FG","FG","Foggia","True","I","IT","Italy","True"
"FI","FI","Florence","True","I","IT","Italy","True"
"FM","FM","Fermo","True","I","IT","Italy","True"
"FR","FR","Frosinone","True","I","IT","Italy","True"
"GE","GE","Genoa","True","I","IT","Italy","True"
"GO","GO","Gorizia","True","I","IT","Italy","True"
"GR","GR","Grosseto","True","I","IT","Italy","True"
"IM","IM","Imperia","True","I","IT","Italy","True"
"IS","IS","Isernia","True","I","IT","Italy","True"
"KR","KR","Crotone","True","I","IT","Italy","True"
"LC","LC","Lecco","True","I","IT","Italy","True"
"LE","LE","Lecce","True","I","IT","Italy","True"
"LI","LI","Livorno","True","I","IT","Italy","True"
"LO","LO","Lodi","True","I","IT","Italy","True"
"LT","LT","Latina","True","I","IT","Italy","True"
"LU","LU","Lucca","True","I","IT","Italy","True"
"MB","MB","Monza and Brianza","True","I","IT","Italy","True"
"MC","MC","Macerata","True","I","IT","Italy","True"
"ME","ME","Messina","True","I","IT","Italy","True"
"MI","MI","Milan","True","I","IT","Italy","True"
"MN","MN","Mantua","True","I","IT","Italy","True"
"MO","MO","Modena","True","I","IT","Italy","True"
"MS","MS","Massa and Carrara","True","I","IT","Italy","True"
"MT","MT","Matera","True","I","IT","Italy","True"
"NA","NA","Naples","True","I","IT","Italy","True"
"NO","NO","Novara","True","I","IT","Italy","True"
"NU","NU","Nuoro","True","I","IT","Italy","True"
"OG","OG","Ogliastra","True","I","IT","Italy","True"
"OR","OR","Oristano","True","I","IT","Italy","True"
"OT","OT","Olbia-Tempio","True","I","IT","Italy","True"
"PA","PA","Palermo","True","I","IT","Italy","True"
"PC","PC","Piacenza","True","I","IT","Italy","True"
"PD","PD","Padua","True","I","IT","Italy","True"
"PE","PE","Pescara","True","I","IT","Italy","True"
"PG","PG","Perugia","True","I","IT","Italy","True"
"PI","PI","Pisa","True","I","IT","Italy","True"
"PN","PN","Pordenone","True","I","IT","Italy","True"
"PO","PO","Prato","True","I","IT","Italy","True"
"PR","PR","Parma","True","I","IT","Italy","True"
"PT","PT","Pistoia","True","I","IT","Italy","True"
"PS","PU","Pesaro and Urbino","True","I","IT","Italy","True"
"PV","PV","Pavia","True","I","IT","Italy","True"
"PZ","PZ","Potenza","True","I","IT","Italy","True"
"RA","RA","Ravenna","True","I","IT","Italy","True"
"RC","RC","Reggio Calabria","True","I","IT","Italy","True"
"RE","RE","Reggio Emilia","True","I","IT","Italy","True"
"RG","RG","Ragusa","True","I","IT","Italy","True"
"RI","RI","Rieti","True","I","IT","Italy","True"
"roma","RM","Rome","True","I","IT","Italy","True"
"RN","RN","Rimini","True","I","IT","Italy","True"
"RO","RO","Rovigo","True","I","IT","Italy","True"
"SA","SA","Salerno","True","I","IT","Italy","True"
"SI","SI","Siena","True","I","IT","Italy","True"
"SO","SO","Sondrio","True","I","IT","Italy","True"
"SP","SP","La Spezia","True","I","IT","Italy","True"
"SR","SR","Syracuse","True","I","IT","Italy","True"
"SS","SS","Sassari","True","I","IT","Italy","True"
"SV","SV","Savona","True","I","IT","Italy","True"
"TA","TA","Taranto","True","I","IT","Italy","True"
"TE","TE","Teramo","True","I","IT","Italy","True"
"TN","TN","Trento","True","I","IT","Italy","True"
"TO","TO","Turin","True","I","IT","Italy","True"
"TP","TP","Trapani","True","I","IT","Italy","True"
"TR","TR","Terni","True","I","IT","Italy","True"
"TS","TS","Trieste","True","I","IT","Italy","True"
"TV","TV","Treviso","True","I","IT","Italy","True"
"UD","UD","Udine","True","I","IT","Italy","True"
"VA","VA","Varese","True","I","IT","Italy","True"
"VB","VB","Verbano-Cusio-Ossola","True","I","IT","Italy","True"
"VC","VC","Vercelli","True","I","IT","Italy","True"
"VE","VE","Venice","True","I","IT","Italy","True"
"VI","VI","Vicenza","True","I","IT","Italy","True"
"VR","VR","Verona","True","I","IT","Italy","True"
"VS","VS","Medio Campidano","True","I","IT","Italy","True"
"VT","VT","Viterbo","True","I","IT","Italy","True"
"VV","VV","Vibo Valentia","True","I","IT","Italy","True"
"AMA","AM","Āmmān (Al ٰĀşimah)","True","IOR","JO","Jordan","True"
"MAR","MAR","Marka","True","IOR","JO","Jordan","True"
"Gy","41","Gyeonggido","True","K","KR","Korea, Republic of","True"
"GA","42","Gang'weondo","True","K","KR","Korea, Republic of","True"
"chn","43","Chungcheongbugdo","True","K","KR","Korea, Republic of","True"
"chd","44","Chungcheongnamdo","True","K","KR","Korea, Republic of","True"
"Jeb","45","Jeonrabugdo","True","K","KR","Korea, Republic of","True"
"jen","46","Jeonranamdo","True","K","KR","Korea, Republic of","True"
"Gyb","47","Gyeongsangbugdo","True","K","KR","Korea, Republic of","True"
"Gyn","48","Gyeongsangnamdo","True","K","KR","Korea, Republic of","True"
"jej","49","Jeju Teukbyeoljachi-do","True","K","KR","Korea, Republic of","True"
"Aakkâr","AK","Aakkâr","True","LI","LB","Lebanon","True"
"Liban-Nord","AS","Liban-Nord","True","LI","LB","Lebanon","True"
"BEI","BA","Beyrouth","True","LI","LB","Lebanon","True"
"Baalbek-Hermel","BH","Baalbek-Hermel","True","LI","LB","Lebanon","True"
"Béqaa","BI","Béqaa","True","LI","LB","Lebanon","True"
"Liban-Sud","JA","Liban-Sud","True","LI","LB","Lebanon","True"
"Mont-Liban","JL","Mont-Liban","True","LI","LB","Lebanon","True"
"Nabatîyé","NA","Nabatîyé","True","LI","LB","Lebanon","True"
"AGS","AG","Aguascalientes","True","MX","MX","Mexico","True"
"BC","BC","Baja California","True","MX","MX","Mexico","True"
"BCS","BS","Baja California Sur","True","MX","MX","Mexico","True"
"CHIH","CH","Chihuahua","True","MX","MX","Mexico","True"
"COL","CL","Colima","True","MX","MX","Mexico","True"
"CAMP","CM","Campeche","True","MX","MX","Mexico","True"
"COAH","CO","Coahuila","True","MX","MX","Mexico","True"
"CHIS","CS","Chiapas","True","MX","MX","Mexico","True"
"CDMX","DF","Federal District","True","MX","MX","Mexico","True"
"DGO","DG","Durango","True","MX","MX","Mexico","True"
"GRO","GR","Guerrero","True","MX","MX","Mexico","True"
"GTO","GT","Guanajuato","True","MX","MX","Mexico","True"
"HGO","HG","Hidalgo","True","MX","MX","Mexico","True"
"JAL","JA","Jalisco","True","MX","MX","Mexico","True"
"MEX","ME","Mexico State","True","MX","MX","Mexico","True"
"MICH","MI","Michoacán","True","MX","MX","Mexico","True"
"MOR","MO","Morelos","True","MX","MX","Mexico","True"
"NAY","NA","Nayarit","True","MX","MX","Mexico","True"
"NL","NL","Nuevo León","True","MX","MX","Mexico","True"
"OAX","OA","Oaxaca","True","MX","MX","Mexico","True"
"PUE","PB","Puebla","True","MX","MX","Mexico","True"
"QRO","QE","Querétaro","True","MX","MX","Mexico","True"
"QROO","QR","Quintana Roo","True","MX","MX","Mexico","True"
"SIN","SI","Sinaloa","True","MX","MX","Mexico","True"
"SLP","SL","San Luis Potosí","True","MX","MX","Mexico","True"
"SON","SO","Sonora","True","MX","MX","Mexico","True"
"TAB","TB","Tabasco","True","MX","MX","Mexico","True"
"TLAX","TL","Tlaxcala","True","MX","MX","Mexico","True"
"TMPS","TM","Tamaulipas","True","MX","MX","Mexico","True"
"VER","VE","Veracruz","True","MX","MX","Mexico","True"
"YUC","YU","Yucatán","True","MX","MX","Mexico","True"
"ZAC","ZA","Zacatecas","True","MX","MX","Mexico","True"
"JOH","01","Johor","True","ML","MY","Malaysia","True"
"KED","02","Kedah","True","ML","MY","Malaysia","True"
"KEL","03","Kelantan","True","ML","MY","Malaysia","True"
"MEL","04","Melaka","True","ML","MY","Malaysia","True"
"NEGSE","05","Negeri Sembilan","True","ML","MY","Malaysia","True"
"PAH","06","Pahang","True","ML","MY","Malaysia","True"
"PEN","07","Pulau Pinang","True","ML","MY","Malaysia","True"
"PER","08","Perak","True","ML","MY","Malaysia","True"
"PERL","09","Perlis","True","ML","MY","Malaysia","True"
"SEL","10","Selangor","True","ML","MY","Malaysia","True"
"TERG","11","Terengganu","True","ML","MY","Malaysia","True"
"SAB","12","Sabah","True","ML","MY","Malaysia","True"
"SARA","13","Sarawak","True","ML","MY","Malaysia","True"
"KL","14","Wilayah Persekutuan Kuala Lumpur","True","ML","MY","Malaysia","True"
"Niassa","A","Niassa","True","MO","MZ","Mozambique","True"
"Manica","B","Manica","True","MO","MZ","Mozambique","True"
"Gaza","G","Gaza","True","MO","MZ","Mozambique","True"
"Inhambane","I","Inhambane","True","MO","MZ","Mozambique","True"
"MAP","L","Maputo","True","MO","MZ","Mozambique","True"
"Nampula","N","Nampula","True","MO","MZ","Mozambique","True"
"Cabo Delgado","P","Cabo Delgado","True","MO","MZ","Mozambique","True"
"Zambézia","Q","Zambézia","True","MO","MZ","Mozambique","True"
"Sofala","S","Sofala","True","MO","MZ","Mozambique","True"
"Tete","T","Tete","True","MO","MZ","Mozambique","True"
"AB","AB","Abia","True","ni","NG","Nigeria","True"
"AD","AD","Adamawa","True","ni","NG","Nigeria","True"
"AK","AK","Akwa Ibom","True","ni","NG","Nigeria","True"
"AN","AN","Anambra","True","ni","NG","Nigeria","True"
"BA","BA","Bauchi","True","ni","NG","Nigeria","True"
"BE","BE","Benue","True","ni","NG","Nigeria","True"
"BO","BO","Borno","True","ni","NG","Nigeria","True"
"BY","BY","Bayelsa","True","ni","NG","Nigeria","True"
"CR","CR","Cross River","True","ni","NG","Nigeria","True"
"DE","DE","Delta","True","ni","NG","Nigeria","True"
"EB","EB","Ebonyi","True","ni","NG","Nigeria","True"
"ED","ED","Edo","True","ni","NG","Nigeria","True"
"EK","EK","Ekiti","True","ni","NG","Nigeria","True"
"EN","EN","Enugu","True","ni","NG","Nigeria","True"
"FC","FC","Abuja Federal Capital Territory","True","ni","NG","Nigeria","True"
"GO","GO","Gombe","True","ni","NG","Nigeria","True"
"IM","IM","Imo","True","ni","NG","Nigeria","True"
"JI","JI","Jigawa","True","ni","NG","Nigeria","True"
"KD","KD","Kaduna","True","ni","NG","Nigeria","True"
"KE","KE","Kebbi","True","ni","NG","Nigeria","True"
"KN","KN","Kano","True","ni","NG","Nigeria","True"
"KO","KO","Kogi","True","ni","NG","Nigeria","True"
"KT","KT","Katsina","True","ni","NG","Nigeria","True"
"KW","KW","Kwara","True","ni","NG","Nigeria","True"
"LA","LA","Lagos","True","ni","NG","Nigeria","True"
"NA","NA","Nasarawa","True","ni","NG","Nigeria","True"
"NI","NI","Niger","True","ni","NG","Nigeria","True"
"OG","OG","Ogun","True","ni","NG","Nigeria","True"
"ON","ON","Ondo","True","ni","NG","Nigeria","True"
"OS","OS","Osun","True","ni","NG","Nigeria","True"
"OY","OY","Oyo","True","ni","NG","Nigeria","True"
"PL","PL","Plateau","True","ni","NG","Nigeria","True"
"RI","RI","Rivers","True","ni","NG","Nigeria","True"
"SO","SO","Sokoto","True","ni","NG","Nigeria","True"
"TA","TA","Taraba","True","ni","NG","Nigeria","True"
"YO","YO","Yobe","True","ni","NG","Nigeria","True"
"ZA","ZA","Zamfara","True","ni","NG","Nigeria","True"
"Atlántico Norte","AN","Atlántico Norte","True","NG","NI","Nicaragua","True"
"Atlántico Sur","AS","Atlántico Sur","True","NG","NI","Nicaragua","True"
"Boaco","BO","Boaco","True","NG","NI","Nicaragua","True"
"Carazo","CA","Carazo","True","NG","NI","Nicaragua","True"
"Chinandega","CI","Chinandega","True","NG","NI","Nicaragua","True"
"Chontales","CO","Chontales","True","NG","NI","Nicaragua","True"
"Estelí","ES","Estelí","True","NG","NI","Nicaragua","True"
"Granada","GR","Granada","True","NG","NI","Nicaragua","True"
"Jinotega","JI","Jinotega","True","NG","NI","Nicaragua","True"
"León","LE","León","True","NG","NI","Nicaragua","True"
"Madriz","MD","Madriz","True","NG","NI","Nicaragua","True"
"1","MN","Managua","True","NG","NI","Nicaragua","True"
"Masaya","MS","Masaya","True","NG","NI","Nicaragua","True"
"Matagalpa","MT","Matagalpa","True","NG","NI","Nicaragua","True"
"Nueva Segovia","NS","Nueva Segovia","True","NG","NI","Nicaragua","True"
"Rivas","RI","Rivas","True","NG","NI","Nicaragua","True"
"Río San Juan","SJ","Río San Juan","True","NG","NI","Nicaragua","True"
"DRE","DR","Drenthe","True","NL","NL","Netherlands","True"
"FLE","FL","Flevoland","True","NL","NL","Netherlands","True"
"FRI","FR","Friesland","True","NL","NL","Netherlands","True"
"GEL","GE","Gelderland","True","NL","NL","Netherlands","True"
"GRO","GR","Groningen","True","NL","NL","Netherlands","True"
"LIM","LI","Limburg","True","NL","NL","Netherlands","True"
"NBR","NB","Noord-Brabant","True","NL","NL","Netherlands","True"
"NHO","NH","Noord-Holland","True","NL","NL","Netherlands","True"
"OVE","OV","Overijsel","True","NL","NL","Netherlands","True"
"UTR","UT","Utrecht","True","NL","NL","Netherlands","True"
"ZEE","ZE","Zeeland","True","NL","NL","Netherlands","True"
"ZHO","ZH","Zuid-Holland","True","NL","NL","Netherlands","True"
"OST","01","Østfold","True","N","NO","Norway","True"
"AK","02","Akershus","True","N","NO","Norway","True"
"OSL","03","Oslo","True","N","NO","Norway","True"
"HED","04","Hedmark","True","N","NO","Norway","True"
"OPP","05","Oppland","True","N","NO","Norway","True"
"BUS","06","Buskerud","True","N","NO","Norway","True"
"VESTF","07","Vestfold","True","N","NO","Norway","True"
"TEL","08","Telemark","True","N","NO","Norway","True"
"VESTA","10","Vest-Agder","True","N","NO","Norway","True"
"ROG","11","Rogaland","True","N","NO","Norway","True"
"HOR","12","Hordaland","True","N","NO","Norway","True"
"SOG","14","Sogn og Fjordane","True","N","NO","Norway","True"
"MOR","15","Møre og Romsdal","True","N","NO","Norway","True"
"SOR","16","Sør-Trøndelag","True","N","NO","Norway","True"
"NORT","17","Nord-Trøndelag","True","N","NO","Norway","True"
"NOR","18","Nordland","True","N","NO","Norway","True"
"TRO","19","Troms","True","N","NO","Norway","True"
"FIN","20","Finnmark","True","N","NO","Norway","True"
"Auckland","AUK","Auckland","True","NZ","NZ","New Zealand","True"
"Bay of Plenty","BOP","Bay of Plenty","True","NZ","NZ","New Zealand","True"
"Canterbury","CAN","Canterbury","True","NZ","NZ","New Zealand","True"
"Gisborne District","GIS","Gisborne District","True","NZ","NZ","New Zealand","True"
"Hawke's Bay","HKB","Hawke's Bay","True","NZ","NZ","New Zealand","True"
"Marlborough District","MBH","Marlborough District","True","NZ","NZ","New Zealand","True"
"Manawatu-Wanganui","MWT","Manawatu-Wanganui","True","NZ","NZ","New Zealand","True"
"Nelson City","NSN","Nelson City","True","NZ","NZ","New Zealand","True"
"Northland","NTL","Northland","True","NZ","NZ","New Zealand","True"
"Otago","OTA","Otago","True","NZ","NZ","New Zealand","True"
"Southland","STL","Southland","True","NZ","NZ","New Zealand","True"
"Tasman District","TAS","Tasman District","True","NZ","NZ","New Zealand","True"
"Taranaki","TKI","Taranaki","True","NZ","NZ","New Zealand","True"
"Wellington","WGN","Wellington","True","NZ","NZ","New Zealand","True"
"Waikato","WKO","Waikato","True","NZ","NZ","New Zealand","True"
"West Coast","WTC","West Coast","True","NZ","NZ","New Zealand","True"
"Bocas del Toro","1","Bocas del Toro","True","PA","PA","Panama","True"
"Panamá Oeste","10","Panamá Oeste","True","PA","PA","Panama","True"
"Coclé","2","Coclé","True","PA","PA","Panama","True"
"Colón","3","Colón","True","PA","PA","Panama","True"
"Chiriquí","4","Chiriquí","True","PA","PA","Panama","True"
"Darién","5","Darién","True","PA","PA","Panama","True"
"Herrera","6","Herrera","True","PA","PA","Panama","True"
"Los Santos","7","Los Santos","True","PA","PA","Panama","True"
"Panamá","8","Panamá","True","PA","PA","Panama","True"
"Veraguas","9","Veraguas","True","PA","PA","Panama","True"
"Emberá","EM","Emberá","True","PA","PA","Panama","True"
"Kuna Yala","KY","Kuna Yala","True","PA","PA","Panama","True"
"Ngöbe-Buglé","NB","Ngöbe-Buglé","True","PA","PA","Panama","True"
"Chimbu","CPK","Chimbu","True","PNG","PG","Papua New Guinea","True"
"Central","CPM","Central","True","PNG","PG","Papua New Guinea","True"
"East New Britain","EBR","East New Britain","True","PNG","PG","Papua New Guinea","True"
"Eastern Highlands","EHG","Eastern Highlands","True","PNG","PG","Papua New Guinea","True"
"Enga","EPW","Enga","True","PNG","PG","Papua New Guinea","True"
"East Sepik","ESW","East Sepik","True","PNG","PG","Papua New Guinea","True"
"Gulf","GPK","Gulf","True","PNG","PG","Papua New Guinea","True"
"Hela","HLA","Hela","True","PNG","PG","Papua New Guinea","True"
"Jiwaka","JWK","Jiwaka","True","PNG","PG","Papua New Guinea","True"
"Milne Bay","MBA","Milne Bay","True","PNG","PG","Papua New Guinea","True"
"MORO","MPL","Morobe","True","PNG","PG","Papua New Guinea","True"
"Madang","MPM","Madang","True","PNG","PG","Papua New Guinea","True"
"Manus","MRL","Manus","True","PNG","PG","Papua New Guinea","True"
"National Capital District","NCD","National Capital District","True","PNG","PG","Papua New Guinea","True"
"New Ireland","NIK","New Ireland","True","PNG","PG","Papua New Guinea","True"
"Northern","NPP","Northern","True","PNG","PG","Papua New Guinea","True"
"Bougainville","NSB","Bougainville","True","PNG","PG","Papua New Guinea","True"
"West Sepik","SAN","West Sepik","True","PNG","PG","Papua New Guinea","True"
"Southern Highlands","SHM","Southern Highlands","True","PNG","PG","Papua New Guinea","True"
"West New Britain","WBK","West New Britain","True","PNG","PG","Papua New Guinea","True"
"Western Highlands","WHM","Western Highlands","True","PNG","PG","Papua New Guinea","True"
"Western","WPD","Western","True","PNG","PG","Papua New Guinea","True"
"LAGUN","LAG","Laguna","True","FIL","PH","Philippines","True"
"KAR","KAR","Karachi","True","PAK","PK","Pakistan","True"
"PCSH","PCSH","Pcshawar","True","PAK","PK","Pakistan","True"
"DO","DS","Dolnośląskie","True","PL","PL","Poland","True"
"KP","KP","Kujawsko-pomorskie","True","PL","PL","Poland","True"
"LB","LB","Lubuskie","True","PL","PL","Poland","True"
"LO","LD","Łódzkie","True","PL","PL","Poland","True"
"LU","LU","Lubelskie","True","PL","PL","Poland","True"
"MA","MA","Małopolskie","True","PL","PL","Poland","True"
"MZ","MZ","Mazowieckie","True","PL","PL","Poland","True"
"OP","OP","Opolskie","True","PL","PL","Poland","True"
"PD","PD","Podlaskie","True","PL","PL","Poland","True"
"PO","PK","Podkarpackie","True","PL","PL","Poland","True"
"PM","PM","Pomorskie","True","PL","PL","Poland","True"
"SW","SK","Świętokrzyskie","True","PL","PL","Poland","True"
"SL","SL","Śląskie","True","PL","PL","Poland","True"
"WN","WN","Warmińsko-mazurskie","True","PL","PL","Poland","True"
"WI","WP","Wielkopolskie","True","PL","PL","Poland","True"
"ZP","ZP","Zachodniopomorskie","True","PL","PL","Poland","True"
"RIO","RIO","Rio Piedras","True","PR","PR","Puerto Rico","True"
"SAJ","SAJ","San Juan","True","PR","PR","Puerto Rico","True"
"DOHA","DA","Ad Dawḩah","True","QU","QA","Qatar","True"
"Al Khawr wa adh Dhakhīrah","KH","Al Khawr wa adh Dhakhīrah","True","QU","QA","Qatar","True"
"Ash Shamāl","MS","Ash Shamāl","True","QU","QA","Qatar","True"
"Ar Rayyān","RA","Ar Rayyān","True","QU","QA","Qatar","True"
"Umm Şalāl","US","Umm Şalāl","True","QU","QA","Qatar","True"
"Al Wakrah","WA","Al Wakrah","True","QU","QA","Qatar","True"
"Az̧ Za̧`āyin","ZA","Az̧ Za̧`āyin","True","QU","QA","Qatar","True"
"ALB","AB","Alba","True","R","RO","Romania","True"
"ARG","AG","Argeș","True","R","RO","Romania","True"
"ARA","AR","Arad","True","R","RO","Romania","True"
"BUC","B","București","True","R","RO","Romania","True"
"BAC","BC","Bacău","True","R","RO","Romania","True"
"BIH","BH","Bihor","True","R","RO","Romania","True"
"BIS","BN","Bistrița-Năsăud","True","R","RO","Romania","True"
"BRAI","BR","Brăila","True","R","RO","Romania","True"
"BOT","BT","Botoșani","True","R","RO","Romania","True"
"BRA","BV","Brașov","True","R","RO","Romania","True"
"BUZ","BZ","Buzău","True","R","RO","Romania","True"
"CLU","CJ","Cluj","True","R","RO","Romania","True"
"CAL","CL","Călărași","True","R","RO","Romania","True"
"CAR","CS","Caraș-Severin","True","R","RO","Romania","True"
"CON","CT","Constanța","True","R","RO","Romania","True"
"COV","CV","Covasna","True","R","RO","Romania","True"
"DAM","DB","Dâmbovița","True","R","RO","Romania","True"
"DOL","DJ","Dolj","True","R","RO","Romania","True"
"GOR","GJ","Gorj","True","R","RO","Romania","True"
"GAL","GL","Galați","True","R","RO","Romania","True"
"GIU","GR","Giurgiu","True","R","RO","Romania","True"
"HUN","HD","Hunedoara","True","R","RO","Romania","True"
"HAR","HR","Harghita","True","R","RO","Romania","True"
"ILF","IF","Ilfov","True","R","RO","Romania","True"
"lal","IL","Ialomița","True","R","RO","Romania","True"
"IAS","IS","Iași","True","R","RO","Romania","True"
"MEH","MH","Mehedinți","True","R","RO","Romania","True"
"MAR","MM","Maramureș","True","R","RO","Romania","True"
"MUR","MS","Mureș","True","R","RO","Romania","True"
"NEA","NT","Neamț","True","R","RO","Romania","True"
"Olt","OT","Olt","True","R","RO","Romania","True"
"PRA","PH","Prahova","True","R","RO","Romania","True"
"SIB","SB","Sibiu","True","R","RO","Romania","True"
"SAL","SJ","Sălaj","True","R","RO","Romania","True"
"SAT","SM","Satu Mare","True","R","RO","Romania","True"
"SUC","SV","Suceava","True","R","RO","Romania","True"
"TUL","TL","Tulcea","True","R","RO","Romania","True"
"TIM","TM","Timiș","True","R","RO","Romania","True"
"TEL","TR","Teleorman","True","R","RO","Romania","True"
"VAL","VL","Vâlcea","True","R","RO","Romania","True"
"VRA","VN","Vrancea","True","R","RO","Romania","True"
"VAS","VS","Vaslui","True","R","RO","Romania","True"
"ADR","AD","Adygeya, Respublika","True","RV","RU","Russian Federation","True"
"ALR","AL","Altay, Respublika","True","RV","RU","Russian Federation","True"
"ALK","ALT","Altayskiy kray","True","RV","RU","Russian Federation","True"
"AMO","AMU","Amurskaya oblast'","True","RV","RU","Russian Federation","True"
"ARO","ARK","Arkhangel'skaya oblast'","True","RV","RU","Russian Federation","True"
"ASO","AST","Astrakhanskaya oblast'","True","RV","RU","Russian Federation","True"
"BAR","BA","Bashkortostan, Respublika","True","RV","RU","Russian Federation","True"
"BEO","BEL","Belgorodskaya oblast'","True","RV","RU","Russian Federation","True"
"BRO","BRY","Bryanskaya oblast'","True","RV","RU","Russian Federation","True"
"BUR","BU","Buryatiya, Respublika","True","RV","RU","Russian Federation","True"
"HER","CE","Chechenskaya Respublika","True","RV","RU","Russian Federation","True"
"CHO","CHE","Chelyabinskaya oblast'","True","RV","RU","Russian Federation","True"
"CAG","CHU","Chukotskiy avtonomnyy okrug","True","RV","RU","Russian Federation","True"
"HUR","CU","Chuvashskaya Respublika","True","RV","RU","Russian Federation","True"
"DAR","DA","Dagestan, Respublika","True","RV","RU","Russian Federation","True"
"INR","IN","Ingushetiya, Respublika","True","RV","RU","Russian Federation","True"
"IRO","IRK","Irkutskaya oblast'","True","RV","RU","Russian Federation","True"
"IVO","IVA","Ivanovskaya oblast'","True","RV","RU","Russian Federation","True"
"KAK","KAM","Kamchatskiy kray","True","RV","RU","Russian Federation","True"
"BKR","KB","Kabardino-Balkarskaya Respublika","True","RV","RU","Russian Federation","True"
"KCR","KC","Karachayevo-Cherkesskaya Respublika","True","RV","RU","Russian Federation","True"
"KDK","KDA","Krasnodarskiy kray","True","RV","RU","Russian Federation","True"
"KEO","KEM","Kemerovskaya oblast'","True","RV","RU","Russian Federation","True"
"KLO","KGD","Kaliningradskaya oblast'","True","RV","RU","Russian Federation","True"
"KUO","KGN","Kurganskaya oblast'","True","RV","RU","Russian Federation","True"
"KHK","KHA","Khabarovskiy kray","True","RV","RU","Russian Federation","True"
"KAG","KHM","Khanty-Mansiyskiy avtonomnyy okrug-Yugra","True","RV","RU","Russian Federation","True"
"KIO","KIR","Kirovskaya oblast'","True","RV","RU","Russian Federation","True"
"KHR","KK","Khakasiya, Respublika","True","RV","RU","Russian Federation","True"
"KLR","KL","Kalmykiya, Respublika","True","RV","RU","Russian Federation","True"
"KZO","KLU","Kaluzhskaya oblast'","True","RV","RU","Russian Federation","True"
"KOR","KO","Komi, Respublika","True","RV","RU","Russian Federation","True"
"KOO","KOS","Kostromskaya oblast'","True","RV","RU","Russian Federation","True"
"KRR","KR","Kareliya, Respublika","True","RV","RU","Russian Federation","True"
"KRO","KRS","Kurskaya oblast'","True","RV","RU","Russian Federation","True"
"KYK","KYA","Krasnoyarskiy kray","True","RV","RU","Russian Federation","True"
"LEO","LEN","Leningradskaya oblast'","True","RV","RU","Russian Federation","True"
"LIO","LIP","Lipetskaya oblast'","True","RV","RU","Russian Federation","True"
"MAO","MAG","Magadanskaya oblast'","True","RV","RU","Russian Federation","True"
"MAR","ME","Mariy El, Respublika","True","RV","RU","Russian Federation","True"
"MOR","MO","Mordoviya, Respublika","True","RV","RU","Russian Federation","True"
"MOO","MOS","Moskovskaya oblast'","True","RV","RU","Russian Federation","True"
"MOS","MOW","Moskva","True","RV","RU","Russian Federation","True"
"MUO","MUR","Murmanskaya oblast'","True","RV","RU","Russian Federation","True"
"NAG","NEN","Nenetskiy avtonomnyy okrug","True","RV","RU","Russian Federation","True"
"NGO","NGR","Novgorodskaya oblast'","True","RV","RU","Russian Federation","True"
"NIO","NIZ","Nizhegorodskaya oblast'","True","RV","RU","Russian Federation","True"
"NOO","NVS","Novosibirskaya oblast'","True","RV","RU","Russian Federation","True"
"OMO","OMS","Omskaya oblast'","True","RV","RU","Russian Federation","True"
"ORO","ORE","Orenburgskaya oblast'","True","RV","RU","Russian Federation","True"
"OLO","ORL","Orlovskaya oblast'","True","RV","RU","Russian Federation","True"
"PEK","PER","Permskiy kray","True","RV","RU","Russian Federation","True"
"PEO","PNZ","Penzenskaya oblast'","True","RV","RU","Russian Federation","True"
"PRK","PRI","Primorskiy kray","True","RV","RU","Russian Federation","True"
"PSO","PSK","Pskovskaya oblast'","True","RV","RU","Russian Federation","True"
"ROO","ROS","Rostovskaya oblast'","True","RV","RU","Russian Federation","True"
"RYO","RYA","Ryazanskaya oblast'","True","RV","RU","Russian Federation","True"
"SAR","SA","Sakha, Respublika","True","RV","RU","Russian Federation","True"
"SKO","SAK","Sakhalinskaya oblast'","True","RV","RU","Russian Federation","True"
"SMO","SAM","Samarskaya oblast'","True","RV","RU","Russian Federation","True"
"SRO","SAR","Saratovskaya oblast'","True","RV","RU","Russian Federation","True"
"SOR","SE","Severnaya Osetiya-Alaniya, Respublika","True","RV","RU","Russian Federation","True"
"SOO","SMO","Smolenskaya oblast'","True","RV","RU","Russian Federation","True"
"STP","SPE","Sankt-Peterburg","True","RV","RU","Russian Federation","True"
"STK","STA","Stavropol'skiy kray","True","RV","RU","Russian Federation","True"
"SVO","SVE","Sverdlovskaya oblast'","True","RV","RU","Russian Federation","True"
"TAR","TA","Tatarstan, Respublika","True","RV","RU","Russian Federation","True"
"TAO","TAM","Tambovskaya oblast'","True","RV","RU","Russian Federation","True"
"TOO","TOM","Tomskaya oblast'","True","RV","RU","Russian Federation","True"
"TUO","TUL","Tul'skaya oblast'","True","RV","RU","Russian Federation","True"
"TVO","TVE","Tverskaya oblast'","True","RV","RU","Russian Federation","True"
"TYR","TY","Tyva, Respublika","True","RV","RU","Russian Federation","True"
"TYO","TYU","Tyumenskaya oblast'","True","RV","RU","Russian Federation","True"
"UDR","UD","Udmurtskaya Respublika","True","RV","RU","Russian Federation","True"
"ULO","ULY","Ul'yanovskaya oblast'","True","RV","RU","Russian Federation","True"
"VGO","VGG","Volgogradskaya oblast'","True","RV","RU","Russian Federation","True"
"VLO","VLA","Vladimirskaya oblast'","True","RV","RU","Russian Federation","True"
"VDO","VLG","Vologodskaya oblast'","True","RV","RU","Russian Federation","True"
"VRO","VOR","Voronezhskaya oblast'","True","RV","RU","Russian Federation","True"
"YAG","YAN","Yamalo-Nenetskiy avtonomnyy okrug","True","RV","RU","Russian Federation","True"
"YAO","YAR","Yaroslavskaya oblast'","True","RV","RU","Russian Federation","True"
"EAO","YEV","Yevreyskaya avtonomnaya oblast'","True","RV","RU","Russian Federation","True"
"ZAK","ZAB","Zabaykal'skiy kray","True","RV","RU","Russian Federation","True"
"AL-KH","ALKH","Al-khobar","True","SAR","SA","Saudi Arabia","True"
"DAM","DAM","Damman","True","SAR","SA","Saudi Arabia","True"
"DHAH","DHAH","Dhahran","True","SAR","SA","Saudi Arabia","True"
"JED","JED","Jeddah","True","SAR","SA","Saudi Arabia","True"
"KHO","KHO","Khobar","True","SAR","SA","Saudi Arabia","True"
"RIY","RIY","Riyadh","True","SAR","SA","Saudi Arabia","True"
"1","AB","Stockholms län","True","S","SE","Sweden","True"
"24","AC","Västerbottens län","True","S","SE","Sweden","True"
"25","BD","Norrbottens län","True","S","SE","Sweden","True"
"3","C","Uppsala län","True","S","SE","Sweden","True"
"4","D","Södermanlands län","True","S","SE","Sweden","True"
"5","E","Östergötlands län","True","S","SE","Sweden","True"
"6","F","Jönköpings län","True","S","SE","Sweden","True"
"7","G","Kronobergs län","True","S","SE","Sweden","True"
"8","H","Kalmar län","True","S","SE","Sweden","True"
"9","I","Gotlands län","True","S","SE","Sweden","True"
"10","K","Blekinge län","True","S","SE","Sweden","True"
"12","M","Skåne län","True","S","SE","Sweden","True"
"13","N","Hallands län","True","S","SE","Sweden","True"
"14","O","Västra Götalands län","True","S","SE","Sweden","True"
"17","S","Värmlands län","True","S","SE","Sweden","True"
"18","T","Örebro län","True","S","SE","Sweden","True"
"19","U","Västmanlands län","True","S","SE","Sweden","True"
"20","W","Dalarnas län","True","S","SE","Sweden","True"
"21","X","Gävleborgs län","True","S","SE","Sweden","True"
"22","Y","Västernorrlands län","True","S","SE","Sweden","True"
"23","Z","Jämtlands län","True","S","SE","Sweden","True"
"BB","BC","Banskobystrický kraj","True","SK","SK","Slovakia","True"
"BA","BL","Bratislavský kraj","True","SK","SK","Slovakia","True"
"KS","KI","Košický kraj","True","SK","SK","Slovakia","True"
"NR","NI","Nitriansky kraj","True","SK","SK","Slovakia","True"
"pE","PV","Prešovský kraj","True","SK","SK","Slovakia","True"
"TT","TA","Trnavský kraj","True","SK","SK","Slovakia","True"
"TN","TC","Trenčiansky kraj","True","SK","SK","Slovakia","True"
"ZA","ZI","Žilinský kraj","True","SK","SK","Slovakia","True"
"Ahuachapán","AH","Ahuachapán","True","SV","SV","El Salvador","True"
"Cabañas","CA","Cabañas","True","SV","SV","El Salvador","True"
"Chalatenango","CH","Chalatenango","True","SV","SV","El Salvador","True"
"Cuscatlán","CU","Cuscatlán","True","SV","SV","El Salvador","True"
"La Libertad","LI","La Libertad","True","SV","SV","El Salvador","True"
"Morazán","MO","Morazán","True","SV","SV","El Salvador","True"
"La Paz","PA","La Paz","True","SV","SV","El Salvador","True"
"Santa Ana","SA","Santa Ana","True","SV","SV","El Salvador","True"
"San Miguel","SM","San Miguel","True","SV","SV","El Salvador","True"
"Sonsonate","SO","Sonsonate","True","SV","SV","El Salvador","True"
"SS","SS","San Salvador","True","SV","SV","El Salvador","True"
"San Vicente","SV","San Vicente","True","SV","SV","El Salvador","True"
"La Unión","UN","La Unión","True","SV","SV","El Salvador","True"
"Usulután","US","Usulután","True","SV","SV","El Salvador","True"
"DAM","DAM","Damascus","True","SYR","SY","Syrian Arab Republic","True"
"SAMPR","11","Samut Prakan","True","TH","TH","Thailand","True"
"NONTH","12","Nonthaburi","True","TH","TH","Thailand","True"
"PTTHA","13","Pathum Thani","True","TH","TH","Thailand","True"
"CHACH","24","Chachoengsao","True","TH","TH","Thailand","True"
"PRACH","25","Prachin Buri","True","TH","TH","Thailand","True"
"ADA","ADA","Adana","True","T","TR","Turkey","True"
"ADI","ADI","Adiyaman","True","T","TR","Turkey","True"
"AFY","AFY","Afyonkarahisar","True","T","TR","Turkey","True"
"AGR","AGR","Agri","True","T","TR","Turkey","True"
"AKS","AKS","Aksaray","True","T","TR","Turkey","True"
"AMA","AMA","Amasya","True","T","TR","Turkey","True"
"ANK","ANK","Ankara","True","T","TR","Turkey","True"
"ANT","ANT","Antalya","True","T","TR","Turkey","True"
"ARD","ARD","Ardahan","True","T","TR","Turkey","True"
"ART","ART","Artvin","True","T","TR","Turkey","True"
"AYD","AYD","Aydin","True","T","TR","Turkey","True"
"BAL","BAL","Balikesir","True","T","TR","Turkey","True"
"BAR","BAR","Bartin","True","T","TR","Turkey","True"
"BAT","BAT","Batman","True","T","TR","Turkey","True"
"BAY","BAY","Bayburt","True","T","TR","Turkey","True"
"BIL","BIL","Bilecik","True","T","TR","Turkey","True"
"BIN","BIN","Bingol","True","T","TR","Turkey","True"
"BIT","BIT","Bitlis","True","T","TR","Turkey","True"
"BOL","BOL","Bolu","True","T","TR","Turkey","True"
"BRD","BRD","Burdur","True","T","TR","Turkey","True"
"BRS","BRS","Bursa","True","T","TR","Turkey","True"
"CAN","CAN","Cankiri","True","T","TR","Turkey","True"
"CNK","CNK","Canakkale","True","T","TR","Turkey","True"
"COR","COR","Corum","True","T","TR","Turkey","True"
"DEN","DEN","Denizli","True","T","TR","Turkey","True"
"DIY","DIY","Diyarbakir","True","T","TR","Turkey","True"
"DUZ","DUZ","Duzce","True","T","TR","Turkey","True"
"EDI","EDI","Edirne","True","T","TR","Turkey","True"
"ELA","ELA","Elazig","True","T","TR","Turkey","True"
"ERC","ERC","Erzincan","True","T","TR","Turkey","True"
"ERR","ERR","Erzurum","True","T","TR","Turkey","True"
"ESK","ESK","Eskisehir","True","T","TR","Turkey","True"
"GAZ","GAZ","Gaziantep","True","T","TR","Turkey","True"
"GIR","GIR","Giresun","True","T","TR","Turkey","True"
"GUM","GUM","Gumushane","True","T","TR","Turkey","True"
"HAK","HAK","hakkari","True","T","TR","Turkey","True"
"HAT","HAT","Hatay","True","T","TR","Turkey","True"
"IGD","IGD","Igdir","True","T","TR","Turkey","True"
"ISP","ISP","Isparta","True","T","TR","Turkey","True"
"IST","IST","Istanbul","True","T","TR","Turkey","True"
"IZM","IZM","Izmir","True","T","TR","Turkey","True"
"KAH","KAH","Kahramanmaras","True","T","TR","Turkey","True"
"KAR","KAR","Kars","True","T","TR","Turkey","True"
"KAS","KAS","Kastamonu","True","T","TR","Turkey","True"
"KAY","KAY","Kayseri","True","T","TR","Turkey","True"
"KIL","KIL","Kilis","True","T","TR","Turkey","True"
"KOC","KOC","Kocaeli","True","T","TR","Turkey","True"
"KON","KON","Konya","True","T","TR","Turkey","True"
"KRB","KRB","Karabuk","True","T","TR","Turkey","True"
"KRK","KRK","Kirikkale","True","T","TR","Turkey","True"
"KRL","KRL","Kirklareli","True","T","TR","Turkey","True"
"KRM","KRM","Karaman","True","T","TR","Turkey","True"
"KRS","KRS","Kirsehir","True","T","TR","Turkey","True"
"KUT","KUT","Kutahya","True","T","TR","Turkey","True"
"MAL","MAL","Malatya","True","T","TR","Turkey","True"
"MAN","MAN","Manisa","True","T","TR","Turkey","True"
"MAR","MAR","Mardin","True","T","TR","Turkey","True"
"MER","MER","Mersin","True","T","TR","Turkey","True"
"MUG","MUG","Mugla","True","T","TR","Turkey","True"
"MUS","MUS","MUS","True","T","TR","Turkey","True"
"NEV","NEV","Nevsehir","True","T","TR","Turkey","True"
"NIG","NIG","Nigde","True","T","TR","Turkey","True"
"ORD","ORD","Ordu","True","T","TR","Turkey","True"
"OSM","OSM","Osmaniye","True","T","TR","Turkey","True"
"RIZ","RIZ","Rize","True","T","TR","Turkey","True"
"SAK","SAK","Sakarya","True","T","TR","Turkey","True"
"SAM","SAM","Samsun","True","T","TR","Turkey","True"
"SAN","SAN","Sanliurfa","True","T","TR","Turkey","True"
"SII","SII","Siirt","True","T","TR","Turkey","True"
"SIN","SIN","Sinop","True","T","TR","Turkey","True"
"SIR","SIR","Sirnak","True","T","TR","Turkey","True"
"SIV","SIV","Sivas","True","T","TR","Turkey","True"
"TEK","TEK","Tekirdag","True","T","TR","Turkey","True"
"TOK","TOK","Tokat","True","T","TR","Turkey","True"
"TRA","TRA","Trabzon","True","T","TR","Turkey","True"
"TUN","TUN","Tunceli","True","T","TR","Turkey","True"
"USA","USA","Usak","True","T","TR","Turkey","True"
"VAN","VAN","Van","True","T","TR","Turkey","True"
"YAL","YAL","Yalova","True","T","TR","Turkey","True"
"YOZ","YOZ","Yozgat","True","T","TR","Turkey","True"
"ZON","ZON","Zonguldak","True","T","TR","Turkey","True"
"Armed Forces Americas","AA","Armed Forces Americas","True","US","US","United States","True"
"Armed Forces Europe","AE","Armed Forces Europe","True","US","US","United States","True"
"ak","AK","Alaska","True","US","US","United States","True"
"AL","AL","Alabama","True","US","US","United States","True"
"Armed Forces Pacific","AP","Armed Forces Pacific","True","US","US","United States","True"
"AR","AR","Arkansas","True","US","US","United States","True"
"American Samoa","AS","American Samoa","True","US","US","United States","True"
"AZ","AZ","Arizona","True","US","US","United States","True"
"CA","CA","California","True","US","US","United States","True"
"CO","CO","Colorado","True","US","US","United States","True"
"CT","CT","Connecticut","True","US","US","United States","True"
"DC","DC","District of Columbia","True","US","US","United States","True"
"DE","DE","Delaware","True","US","US","United States","True"
"FL","FL","Florida","True","US","US","United States","True"
"Federated Micronesia","FM","Federated Micronesia","True","US","US","United States","True"
"GA","GA","Georgia","True","US","US","United States","True"
"Guam","GU","Guam","True","US","US","United States","True"
"HI","HI","Hawaii","True","US","US","United States","True"
"IA","IA","Iowa","True","US","US","United States","True"
"ID","ID","Idaho","True","US","US","United States","True"
"IL","IL","Illinois","True","US","US","United States","True"
"IN","IN","Indiana","True","US","US","United States","True"
"KS","KS","Kansas","True","US","US","United States","True"
"KY","KY","Kentucky","True","US","US","United States","True"
"LA","LA","Louisiana","True","US","US","United States","True"
"MA","MA","Massachusetts","True","US","US","United States","True"
"MD","MD","Maryland","True","US","US","United States","True"
"ME","ME","Maine","True","US","US","United States","True"
"Marshall Islands","MH","Marshall Islands","True","US","US","United States","True"
"MI","MI","Michigan","True","US","US","United States","True"
"MN","MN","Minnesota","True","US","US","United States","True"
"MO","MO","Missouri","True","US","US","United States","True"
"Northern Mariana Islands","MP","Northern Mariana Islands","True","US","US","United States","True"
"MS","MS","Mississippi","True","US","US","United States","True"
"MT","MT","Montana","True","US","US","United States","True"
"NC","NC","North Carolina","True","US","US","United States","True"
"ND","ND","North Dakota","True","US","US","United States","True"
"NE","NE","Nebraska","True","US","US","United States","True"
"NH","NH","New Hampshire","True","US","US","United States","True"
"NJ","NJ","New Jersey","True","US","US","United States","True"
"NM","NM","New Mexico","True","US","US","United States","True"
"NV","NV","Nevada","True","US","US","United States","True"
"NY","NY","New York","True","US","US","United States","True"
"OH","OH","Ohio","True","US","US","United States","True"
"OK","OK","Oklahoma","True","US","US","United States","True"
"OR","OR","Oregon","True","US","US","United States","True"
"PA","PA","Pennsylvania","True","US","US","United States","True"
"Puerto Rico","PR","Puerto Rico","True","US","US","United States","True"
"Palau","PW","Palau","True","US","US","United States","True"
"RI","RI","Rhode Island","True","US","US","United States","True"
"SC","SC","South Carolina","True","US","US","United States","True"
"SD","SD","South Dakota","True","US","US","United States","True"
"TN","TN","Tennessee","True","US","US","United States","True"
"TX","TX","Texas","True","US","US","United States","True"
"United States Minor Outlying Islands","UM","United States Minor Outlying Islands","True","US","US","United States","True"
"UT","UT","Utah","True","US","US","United States","True"
"VA","VA","Virginia","True","US","US","United States","True"
"US Virgin Islands","VI","US Virgin Islands","True","US","US","United States","True"
"VT","VT","Vermont","True","US","US","United States","True"
"WA","WA","Washington","True","US","US","United States","True"
"WI","WI","Wisconsin","True","US","US","United States","True"
"WV","WV","West Virginia","True","US","US","United States","True"
"WY","WY","Wyoming","True","US","US","United States","True"
"Distrito Federal","A","Distrito Federal","True","YV","VE","Venezuela, Bolivarian Republic of","True"
"Anzoátegui","B","Anzoátegui","True","YV","VE","Venezuela, Bolivarian Republic of","True"
"Apure","C","Apure","True","YV","VE","Venezuela, Bolivarian Republic of","True"
"Aragua","D","Aragua","True","YV","VE","Venezuela, Bolivarian Republic of","True"
"Barinas","E","Barinas","True","YV","VE","Venezuela, Bolivarian Republic of","True"
"Bolívar","F","Bolívar","True","YV","VE","Venezuela, Bolivarian Republic of","True"
"CARA","G","Carabobo","True","YV","VE","Venezuela, Bolivarian Republic of","True"
"Cojedes","H","Cojedes","True","YV","VE","Venezuela, Bolivarian Republic of","True"
"Falcón","I","Falcón","True","YV","VE","Venezuela, Bolivarian Republic of","True"
"Guárico","J","Guárico","True","YV","VE","Venezuela, Bolivarian Republic of","True"
"Lara","K","Lara","True","YV","VE","Venezuela, Bolivarian Republic of","True"
"Mérida","L","Mérida","True","YV","VE","Venezuela, Bolivarian Republic of","True"
"Miranda","M","Miranda","True","YV","VE","Venezuela, Bolivarian Republic of","True"
"Monagas","N","Monagas","True","YV","VE","Venezuela, Bolivarian Republic of","True"
"Nueva Esparta","O","Nueva Esparta","True","YV","VE","Venezuela, Bolivarian Republic of","True"
"Portuguesa","P","Portuguesa","True","YV","VE","Venezuela, Bolivarian Republic of","True"
"Sucre","R","Sucre","True","YV","VE","Venezuela, Bolivarian Republic of","True"
"Táchira","S","Táchira","True","YV","VE","Venezuela, Bolivarian Republic of","True"
"Trujillo","T","Trujillo","True","YV","VE","Venezuela, Bolivarian Republic of","True"
"Yaracuy","U","Yaracuy","True","YV","VE","Venezuela, Bolivarian Republic of","True"
"Zulia","V","Zulia","True","YV","VE","Venezuela, Bolivarian Republic of","True"
"Dependencias Federales","W","Dependencias Federales","True","YV","VE","Venezuela, Bolivarian Republic of","True"
"Vargas","X","Vargas","True","YV","VE","Venezuela, Bolivarian Republic of","True"
"Delta Amacuro","Y","Delta Amacuro","True","YV","VE","Venezuela, Bolivarian Republic of","True"
"Amazonas","Z","Amazonas","True","YV","VE","Venezuela, Bolivarian Republic of","True"
"BARVU","43","Bà Rịa–Vũng Tàu","True","VN","VN","Vietnam","True"
"ANG","44","An Giang","True","VN","VN","Vietnam","True"
"HOD","HOD","Al Ḩudaydah","True","ADS","YE","Yemen","True"
"EC","EC","Eastern Cape","True","sa","ZA","South Africa","True"
"FS","FS","Free State","True","sa","ZA","South Africa","True"
"GP","GT","Gauteng","True","sa","ZA","South Africa","True"
"LP","LP","Limpopo","True","sa","ZA","South Africa","True"
"MP","MP","Mpumalanga","True","sa","ZA","South Africa","True"
"NC","NC","Northern Cape","True","sa","ZA","South Africa","True"
"ZN","NL","KwaZulu-Natal","True","sa","ZA","South Africa","True"
"NW","NW","North West","True","sa","ZA","South Africa","True"
"WC","WC","Western Cape","True","sa","ZA","South Africa","True"
